{
  "ECE": 0.05254663310410053,
  "MCE": 0.43359375,
  "BrierScore": 0.024950245395302773
}