{
  "ECE": 0.03873787272910131,
  "MCE": 0.43310546875,
  "BrierScore": 0.01749047450721264
}