{
  "ECE": 0.009817838978323778,
  "MCE": 0.4423828125,
  "BrierScore": 0.005417192820459604
}