{
  "ECE": 0.0412644139103743,
  "MCE": 0.49462890625,
  "BrierScore": 0.017550669610500336
}