{
  "ECE": 0.15144481993558115,
  "MCE": 0.4799698539402174,
  "BrierScore": 0.07113204151391983
}