{
  "ECE": 0.014878177684089002,
  "MCE": 0.429931640625,
  "BrierScore": 0.006271713878959417
}