{
  "ECE": 0.03749116825778884,
  "MCE": 0.44482421875,
  "BrierScore": 0.016333693638443947
}