{
  "ECE": 0.09738007318091464,
  "MCE": 0.4643258759469697,
  "BrierScore": 0.04279680922627449
}