{
  "ECE": 0.05355646124344168,
  "MCE": 0.45833333333333337,
  "BrierScore": 0.026428736746311188
}