{
  "classes": [
    "glioma",
    "meningioma",
    "no_tumor",
    "pituitary"
  ],
  "temperature": 7.077272415161133,
  "calibration": {
    "ECE": 0.09738007318091464,
    "MCE": 0.4643258759469697,
    "BrierScore": 0.04279680922627449
  }
}