{
  "classes": [
    "glioma",
    "meningioma",
    "no_tumor",
    "pituitary"
  ],
  "temperature": 1.6178563833236694,
  "calibration": {
    "ECE": 0.0412644139103743,
    "MCE": 0.49462890625,
    "BrierScore": 0.017550669610500336
  }
}