{
  "classes": [
    "glioma",
    "meningioma",
    "no_tumor",
    "pituitary"
  ],
  "temperature": 1.604157567024231,
  "calibration": {
    "ECE": 0.047425866335787,
    "MCE": 0.431640625,
    "BrierScore": 0.02172270230948925
  }
}