{
  "classes": [
    "glioma",
    "meningioma",
    "no_tumor",
    "pituitary"
  ],
  "temperature": 1.6242321729660034,
  "calibration": {
    "ECE": 0.05355646124344168,
    "MCE": 0.45833333333333337,
    "BrierScore": 0.026428736746311188
  }
}