{
  "accuracy": [
    0.7091903686523438,
    0.8203501105308533,
    0.8271334767341614,
    0.8339168429374695,
    0.8544857501983643,
    0.8667716979980469,
    0.9571115970611572,
    0.9805251359939575,
    0.9407002329826355,
    0.9595186114311218,
    0.9785557985305786,
    0.9905908107757568
  ],
  "loss": [
    0.7839019894599915,
    0.5312988758087158,
    0.5033929347991943,
    0.4782722294330597,
    0.43016424775123596,
    0.3191623389720917,
    0.1250096559524536,
    0.06345026195049286,
    0.16805142164230347,
    0.1187063530087471,
    0.06832421571016312,
    0.031648557633161545
  ],
  "val_accuracy": [
    0.7863397598266602,
    0.7907180190086365,
    0.7863397598266602,
    0.8152364492416382,
    0.7898423671722412,
    0.8441330790519714,
    0.9150612950325012,
    0.9369527101516724,
    0.8765323758125305,
    0.9106830358505249,
    0.9369527101516724,
    0.9133099913597107
  ],
  "val_loss": [
    0.5609473586082458,
    0.5265980362892151,
    0.529579222202301,
    0.45979514718055725,
    0.5257635712623596,
    0.45728790760040283,
    0.2589014172554016,
    0.20707425475120544,
    0.374656081199646,
    0.3173280954360962,
    0.20325325429439545,
    0.2817818224430084
  ]
}