{
  "val_loss": [
    0.6878328919410706,
    0.6440711617469788,
    0.6306707859039307,
    0.6034820079803467,
    0.5896504521369934,
    0.2763884365558624,
    0.21316152811050415,
    0.177786722779274,
    0.2543087303638458,
    0.24701303243637085,
    0.2306685894727707,
    0.19108206033706665,
    0.1616184562444687,
    0.162908136844635,
    0.21077688038349152,
    0.22278235852718353,
    0.23707622289657593
  ],
  "accuracy": [
    0.6392940282821655,
    0.7258605360984802,
    0.7420507669448853,
    0.7478850483894348,
    0.7607205510139465,
    0.8434610962867737,
    0.9241540431976318,
    0.9512835741043091,
    0.9077450633049011,
    0.9375729560852051,
    0.951210618019104,
    0.9698074460029602,
    0.9784130454063416,
    0.9817677736282349,
    0.9454492330551147,
    0.9508459568023682,
    0.9591598510742188
  ],
  "loss": [
    0.8905170559883118,
    0.7055535316467285,
    0.6717826128005981,
    0.6499230861663818,
    0.6128433346748352,
    0.39666908979415894,
    0.2009199857711792,
    0.13012278079986572,
    0.24999243021011353,
    0.163116917014122,
    0.13456666469573975,
    0.08306080102920532,
    0.06182944029569626,
    0.05198988318443298,
    0.15118511021137238,
    0.13508407771587372,
    0.11365076154470444
  ],
  "val_accuracy": [
    0.7390000224113464,
    0.7480000257492065,
    0.7580000162124634,
    0.7639999985694885,
    0.7649999856948853,
    0.8920000195503235,
    0.921999990940094,
    0.9259999990463257,
    0.906000018119812,
    0.921999990940094,
    0.9279999732971191,
    0.9459999799728394,
    0.9539999961853027,
    0.9470000267028809,
    0.9259999990463257,
    0.9169999957084656,
    0.925000011920929
  ]
}