{
  "accuracy": [
    0.7387689352035522,
    0.8192094564437866,
    0.8341598510742188,
    0.8342328071594238,
    0.8450992107391357,
    0.914559543132782,
    0.981038510799408,
    0.9937281012535095,
    0.9520857930183411,
    0.9805279970169067,
    0.9887689352035522,
    0.9941657185554504,
    0.9961347579956055,
    0.9982497096061707,
    0.9707555174827576,
    0.9831534624099731,
    0.9890606999397278,
    0.9906651377677917
  ],
  "val_loss": [
    0.5488648414611816,
    0.5436809659004211,
    0.5305507779121399,
    0.521912157535553,
    0.4668506681919098,
    0.2433803826570511,
    0.08154235035181046,
    0.052532508969306946,
    0.11915549635887146,
    0.19007861614227295,
    0.03269326314330101,
    0.08497175574302673,
    0.03405444696545601,
    0.03410615026950836,
    0.059670090675354004,
    0.27262935042381287,
    0.02282450906932354,
    0.039295922964811325
  ],
  "loss": [
    0.680762767791748,
    0.4924931526184082,
    0.4610905051231384,
    0.4427916407585144,
    0.41144514083862305,
    0.225403293967247,
    0.056311946362257004,
    0.02036869339644909,
    0.15199828147888184,
    0.061316002160310745,
    0.03512651100754738,
    0.015649039298295975,
    0.011273400858044624,
    0.006550089921802282,
    0.09272634238004684,
    0.05338805541396141,
    0.03473062068223953,
    0.02726370096206665
  ],
  "val_accuracy": [
    0.8019999861717224,
    0.7919999957084656,
    0.8019999861717224,
    0.8090000152587891,
    0.8379999995231628,
    0.9070000052452087,
    0.9700000286102295,
    0.9819999933242798,
    0.9629999995231628,
    0.9440000057220459,
    0.9879999756813049,
    0.9769999980926514,
    0.9909999966621399,
    0.9919999837875366,
    0.9819999933242798,
    0.9269999861717224,
    0.9909999966621399,
    0.9869999885559082
  ]
}