{
  "val_accuracy": [
    0.8019999861717224,
    0.7900000214576721,
    0.8100000023841858,
    0.8090000152587891,
    0.8259999752044678,
    0.9290000200271606,
    0.9819999933242798,
    0.9879999756813049,
    0.949999988079071,
    0.9700000286102295,
    0.9789999723434448,
    0.9869999885559082
  ],
  "val_loss": [
    0.544001579284668,
    0.5451260209083557,
    0.5268976092338562,
    0.5359792113304138,
    0.48010823130607605,
    0.2823221683502197,
    0.05802680552005768,
    0.0472043938934803,
    0.17068342864513397,
    0.10370396822690964,
    0.07480043172836304,
    0.052191827446222305
  ],
  "loss": [
    0.6830875277519226,
    0.491691917181015,
    0.46194884181022644,
    0.4424456059932709,
    0.41062429547309875,
    0.22220376133918762,
    0.05969012901186943,
    0.02118181809782982,
    0.13622739911079407,
    0.06016696244478226,
    0.026948735117912292,
    0.01839781180024147
  ],
  "accuracy": [
    0.740738034248352,
    0.820157527923584,
    0.8318261504173279,
    0.8386814594268799,
    0.8458284735679626,
    0.9161229133605957,
    0.9799445867538452,
    0.9935822486877441,
    0.9546383023262024,
    0.9795799255371094,
    0.992342472076416,
    0.9938739538192749
  ]
}