{
  "val_accuracy": [
    0.7390000224113464,
    0.7480000257492065,
    0.7580000162124634,
    0.7639999985694885,
    0.7649999856948853,
    0.8069999814033508,
    0.8220000267028809,
    0.8579999804496765,
    0.8309999704360962,
    0.8230000138282776,
    0.8349999785423279,
    0.8809999823570251,
    0.8870000243186951,
    0.8870000243186951,
    0.8479999899864197,
    0.8479999899864197,
    0.8579999804496765
  ],
  "val_loss": [
    0.6878328919410706,
    0.6440711617469788,
    0.6306707859039307,
    0.6034820079803467,
    0.5896504521369934,
    0.19230765104293823,
    0.17836527526378632,
    0.1422567516565323,
    0.17056217789649963,
    0.17845362424850464,
    0.16374601423740387,
    0.12121014297008514,
    0.11195553839206696,
    0.1137346550822258,
    0.15530569851398468,
    0.1497933715581894,
    0.14212766289710999
  ],
  "accuracy": [
    0.6392940282821655,
    0.7258605360984802,
    0.7420507669448853,
    0.7478850483894348,
    0.7607205510139465,
    0.7755573391914368,
    0.8370040655136108,
    0.8812718987464905,
    0.8230017423629761,
    0.8640606999397278,
    0.8774795532226562,
    0.8956388831138611,
    0.9119749069213867,
    0.9186843633651733,
    0.8748541474342346,
    0.8717182278633118,
    0.8838973045349121
  ],
  "loss": [
    0.8905170559883118,
    0.7055535316467285,
    0.6717826128005981,
    0.6499230861663818,
    0.6128433346748352,
    0.22903133928775787,
    0.16396868228912354,
    0.12135867029428482,
    0.17955388128757477,
    0.13779328763484955,
    0.12352288514375687,
    0.10540331155061722,
    0.08854112774133682,
    0.08271049708127975,
    0.1259286105632782,
    0.1296778917312622,
    0.1168142706155777
  ]
}