{
  "accuracy": [
    0.8713235259056091,
    0.9551422595977784,
    0.9765864610671996,
    0.9501094222068788,
    0.9608315229415894
  ],
  "loss": [
    0.3194668292999267,
    0.1326501369476318,
    0.0676820278167724,
    0.1524733752012252,
    0.109330877661705
  ],
  "val_accuracy": [
    0.8458844423294067,
    0.9133099913597108,
    0.9054290652275084,
    0.8861646056175232,
    0.924693524837494
  ],
  "val_loss": [
    0.6253407001495361,
    0.3178209960460663,
    0.3202761709690094,
    0.3292551934719085,
    0.2519594728946686
  ]
}