{
  "accuracy": [
    0.6563593745231628,
    0.7301633358001709,
    0.7424154281616211,
    0.7463535666465759,
    0.7520419955253601,
    0.8123980164527893,
    0.9006709456443787,
    0.9375,
    0.8859393000602722,
    0.9107351303100586,
    0.9329054951667786,
    0.9531797170639038,
    0.9617123603820801,
    0.9734538793563843,
    0.9140169024467468,
    0.932249128818512,
    0.938302218914032,
    0.9507730603218079
  ],
  "loss": [
    0.8456805944442749,
    0.6821248531341553,
    0.6661512851715088,
    0.6424031853675842,
    0.6276333928108215,
    0.4794362485408783,
    0.2552720010280609,
    0.16589896380901337,
    0.3030559718608856,
    0.23656770586967468,
    0.1772608608007431,
    0.1314455270767212,
    0.09977554529905319,
    0.07744815945625305,
    0.23142875730991364,
    0.18270868062973022,
    0.16278031468391418,
    0.13870753347873688
  ],
  "val_accuracy": [
    0.7549999952316284,
    0.7440000176429749,
    0.7519999742507935,
    0.765999972820282,
    0.7760000228881836,
    0.7710000276565552,
    0.8450000286102295,
    0.8809999823570251,
    0.8009999990463257,
    0.9010000228881836,
    0.8859999775886536,
    0.8939999938011169,
    0.921999990940094,
    0.9229999780654907,
    0.890999972820282,
    0.9169999957084656,
    0.8759999871253967,
    0.8960000276565552
  ],
  "val_loss": [
    0.6461895108222961,
    0.6259797811508179,
    0.619021475315094,
    0.5730719566345215,
    0.5545867085456848,
    0.6159400343894958,
    0.40449628233909607,
    0.32799699902534485,
    0.6713683009147644,
    0.2989504337310791,
    0.35338619351387024,
    0.3454029858112335,
    0.2287602722644806,
    0.23410463333129883,
    0.3357170522212982,
    0.2336190640926361,
    0.40677809715270996,
    0.3015038073062897
  ]
}