{
  "accuracy": [
    0.7113785743713379,
    0.8135667443275452,
    0.8258205652236938,
    0.832166314125061,
    0.8529540300369263,
    0.8688725233078003,
    0.9529540538787842,
    0.9772428870201111,
    0.9487965106964111,
    0.965864360332489,
    0.9835886359214783,
    0.9877461791038513,
    0.9910284280776978,
    0.9929978251457214,
    0.9737417697906494
  ],
  "val_accuracy": [
    0.7854641079902649,
    0.7950963377952576,
    0.7837128043174744,
    0.821366012096405,
    0.7977232933044434,
    0.8598949313163757,
    0.9054290652275085,
    0.9080560207366943,
    0.9264448285102844,
    0.9387040138244629,
    0.9439579844474792,
    0.9395796656608582,
    0.9378283619880676,
    0.9334501028060913,
    0.9404553174972534
  ],
  "loss": [
    0.7764118909835815,
    0.5363332629203796,
    0.5007755160331726,
    0.4831892251968384,
    0.4282483756542206,
    0.32873332500457764,
    0.13453878462314606,
    0.07145768404006958,
    0.15266601741313934,
    0.10114061087369919,
    0.053657080978155136,
    0.03771605342626572,
    0.02636575698852539,
    0.021302593871951103,
    0.07956241816282272
  ],
  "val_loss": [
    0.5532472133636475,
    0.5164615511894226,
    0.5302915573120117,
    0.44994020462036133,
    0.5041669011116028,
    0.46971794962882996,
    0.31803464889526367,
    0.31551459431648254,
    0.21825039386749268,
    0.19875271618366241,
    0.21624256670475006,
    0.18386726081371307,
    0.20116937160491943,
    0.21271392703056335,
    0.22334350645542145
  ]
}