{
  "loss": [
    0.7382031083106995,
    0.50623619556427,
    0.47423994541168213,
    0.43598783016204834,
    0.411333829164505,
    0.40170881152153015,
    0.37952056527137756,
    0.37623146176338196,
    0.3726433217525482,
    0.3525454103946686
  ],
  "val_accuracy": [
    0.7849650382995605,
    0.7797203063964844,
    0.7814685106277466,
    0.8321678042411804,
    0.8129370808601379,
    0.8129370808601379,
    0.7954545617103577,
    0.8059440851211548,
    0.7849650382995605,
    0.807692289352417
  ],
  "val_loss": [
    0.5480661392211914,
    0.5205574631690979,
    0.5286397933959961,
    0.4393778443336487,
    0.48283448815345764,
    0.48796528577804565,
    0.510668158531189,
    0.5141111016273499,
    0.535732090473175,
    0.48878830671310425
  ],
  "accuracy": [
    0.7328431606292725,
    0.8233543634414673,
    0.8350840210914612,
    0.8483893275260925,
    0.857492983341217,
    0.8505728840827942,
    0.8667716979980469,
    0.8679971694946289,
    0.8660714030265808,
    0.8730742335319519
  ]
}