{
  "loss": [
    0.8905169367790222,
    0.7055533528327942,
    0.6717818975448608,
    0.649920642375946,
    0.6128435134887695,
    0.3956649899482727,
    0.20338205993175507,
    0.1278361976146698,
    0.2359095811843872,
    0.1664755791425705,
    0.1352366954088211,
    0.08201690018177032,
    0.06173543632030487,
    0.04850740730762482,
    0.14236155152320862,
    0.13595792651176453,
    0.10601084679365158
  ],
  "accuracy": [
    0.6392940282821655,
    0.7257876396179199,
    0.7420507669448853,
    0.7478850483894348,
    0.7607205510139465,
    0.8436650633811951,
    0.9210910201072693,
    0.9543465375900269,
    0.9117560982704163,
    0.9380105137825012,
    0.9521586894989014,
    0.9710472822189331,
    0.9779025912284851,
    0.9834451675415039,
    0.9486581087112427,
    0.9504813551902771,
    0.9605454802513123
  ],
  "val_loss": [
    0.6878300309181213,
    0.6440681219100952,
    0.630670428276062,
    0.6034726500511169,
    0.5896475911140442,
    0.26572316884994507,
    0.24605683982372284,
    0.1808033585548401,
    0.39860936999320984,
    0.16474443674087524,
    0.21282541751861572,
    0.1673821359872818,
    0.15974456071853638,
    0.16213102638721466,
    0.20673587918281555,
    0.21890386939048767,
    0.202073872089386
  ],
  "val_accuracy": [
    0.7390000224113464,
    0.7480000257492065,
    0.7580000162124634,
    0.7639999985694885,
    0.7649999856948853,
    0.9079999923706055,
    0.9049999713897705,
    0.9229999780654907,
    0.8690000176429749,
    0.9419999718666077,
    0.9210000038146973,
    0.9459999799728394,
    0.9509999752044678,
    0.9459999799728394,
    0.9229999780654907,
    0.9259999990463257,
    0.9359999895095825
  ]
}